Data Source,,,,,,,,,,,,,,,,,,,,,,,,,,,,,,,,,,,,,,,,,,,,,,,,,,,,,,,,,,,,,,,,,,,,,,,,,,,,,,,,,,,,,,,,,,,,,,,
,,,,,,,,,,,,,,,,,,,,,,,,,,,,,,,,,,,,,,,,,,,,,,,,,,,,,,,,,,,,,,,,,,,,,,,,,,,,,,,,,,,,,,,,,,,,,,,
Country Name,Country Code,Indicator Name,Indicator Code,1949,1950,1951,1952,1953,1954,1955,1956,1957,1958,1959,1960,1961,1962,1963,1964,1965,1966,1967,1968,1969,1970,1971,1972,1973,1974,1975,1976,1977,1920,1921,1922,1923,1924,1925,1926,1927,1928,1929,1930,1931,1932,1933,1934,1935,1936,1937,1938,1939,1940,1941,1942,1943,1944,1945,1946,1947,1948,1886,1887,1888,1889,1890,1891,1892,1893,1894,1895,1896,1897,1898,1899,1900,1901,1902,1903,1904,1905,1906,1907,1908,1909,1910,1911,1912,1913,1914,1915,1916,1917,1918,1919
Afghanistan,AFG,"Population, total",SP.POP.TOTL,393,612,1299,2179,1813,1767,1411,1002,226,306,442,109,178,288,577,178,72,66,211,739,204,1044,736,236,25,0,0,0,0,0,0,0,0,0,0,0,0,0,0,0,0,0,0,0,0,0,0,0,0,0,0,0,0,0,0,0,0,0,0,0,0,0,0,0,0,0,0,0,0,0,0,0,0,0,0,0,0,0,0,0,0,0,0,0,0,0,0,0,0,0,0,0
Africa,AFR,"Population, total",SP.POP.TOTL,0,0,0,0,0,0,0,0,0,0,0,0,0,0,0,0,0,0,15263,10951,3392,3161,27262,18902,5441,4436,3894,954,3234,0,0,0,0,0,0,0,0,0,0,0,0,0,0,0,0,0,0,0,0,0,0,0,0,0,0,0,0,0,0,0,0,0,0,0,0,0,0,0,0,0,0,0,0,0,0,0,0,0,0,0,0,0,0,0,0,0,0,0,0,0,0,0
Algeria,DZA,"Population, total",SP.POP.TOTL,314,146,102,86,56,67,73,18,8,15,11,7,8,1,5,0,0,0,0,0,0,0,0,0,0,0,0,0,0,1172,755,184,141,483,1747,2473,4336,383,191,30,21,17,14,19,19,101,15,13,6,11,1029,1164,1655,1188,334,565,533,422,0,0,0,0,0,0,0,0,0,0,0,0,0,0,0,0,0,0,0,0,0,0,0,0,0,0,0,0,0,0,0,0,0,0
Angola,AGO,"Population, total",SP.POP.TOTL,510,621,236,191,138,135,122,113,11,138,7,0,0,23,50,1,0,3,0,0,0,0,0,0,0,0,0,0,0,0,0,0,0,0,0,0,174,67,95,1107,1408,848,371,693,408,640,198,451,465,1100,1650,473,652,80,129,198,288,605,0,0,0,0,0,0,0,0,0,0,0,0,0,0,0,0,0,0,0,0,0,0,0,0,0,0,0,0,0,0,0,0,0,0
Argentina,ARG,"Population, total",SP.POP.TOTL,500,4788,1404,982,309,256,55,86,335,27,0,0,0,0,0,0,0,0,23,0,0,24,0,0,0,0,0,0,0,0,0,0,0,0,0,0,0,0,0,0,0,0,0,0,0,545,80,53,19,0,0,120,6,41,0,71,46,140,0,0,0,0,0,0,0,0,0,0,0,0,0,0,0,0,0,0,0,0,0,0,0,0,0,0,0,0,0,0,0,0,0,0
Asia,,"Population, total",SP.POP.TOTL,0,0,0,0,0,0,0,0,0,0,0,0,0,0,0,0,0,0,102454,64739,34853,28209,24601,45342,130108,212311,0,0,0,0,0,0,0,0,0,0,0,0,0,0,0,0,0,0,0,0,0,0,0,0,0,0,0,0,0,0,0,0,0,0,0,0,0,0,0,0,0,0,0,0,0,0,0,0,0,0,0,0,0,0,0,0,0,0,0,0,0,0,0,0,0,0
Austria,AUT,"Population, total",SP.POP.TOTL,0,0,0,0,0,0,0,0,0,0,0,0,0,0,0,0,0,0,0,0,0,0,0,0,0,0,0,0,0,253,18,4,17,1,0,0,0,0,2,0,0,0,0,0,0,0,0,0,0,0,0,0,0,0,0,2,0,0,0,0,0,0,0,0,0,0,0,0,0,0,0,0,0,0,0,0,0,0,0,0,0,0,0,0,0,0,0,0,0,0,0,0
Bangladesh,BGD,"Population, total",SP.POP.TOTL,0,21273,38871,10490,1102,445,1926,4962,24920,79060,15048,1905,660,610,3375,69,316,3207,6377,9255,1656,0,0,10754,32711,16485,13798,0,0,0,0,0,0,0,0,0,0,0,0,0,0,0,0,0,0,0,0,0,0,0,0,0,0,0,0,0,0,0,0,0,0,0,0,0,0,0,0,0,0,0,0,0,0,0,0,0,0,0,0,0,0,0,0,0,0,0,0,0,0,0,0,0
Belgium,BEL,"Population, total",SP.POP.TOTL,1,0,0,0,0,0,3,0,0,0,0,0,0,0,0,0,0,0,0,0,0,0,0,0,0,0,0,0,0,91,21,23,31,31,12,13,0,1,0,0,0,0,2,0,0,0,0,0,0,0,0,0,1,0,0,0,29,1,0,0,0,0,0,0,0,0,0,0,0,0,0,0,0,0,0,0,0,0,0,0,0,0,0,0,0,0,0,0,0,0,0,0
Bolivia,BOL,"Population, total",SP.POP.TOTL,805,644,759,590,429,624,372,499,1310,183,0,0,0,0,0,0,0,0,0,0,0,0,0,0,0,0,0,0,0,0,0,0,0,0,0,0,0,0,0,0,716,10,293,618,490,220,289,235,348,342,211,205,300,1159,1793,1033,500,831,0,0,0,0,0,0,0,0,0,0,0,0,0,0,0,0,0,0,0,0,0,0,0,0,0,0,0,0,0,0,0,0,0,0
Botswana,BWA,"Population, total",SP.POP.TOTL,0,0,0,0,0,0,0,0,0,0,0,0,0,0,0,0,0,0,0,1,0,0,36,1059,27,0,0,0,0,0,0,0,0,0,0,0,0,0,0,0,0,0,0,0,0,0,0,0,0,0,0,0,0,0,0,0,0,0,0,0,0,0,0,0,0,0,0,0,0,0,0,0,0,0,0,0,0,0,0,0,0,0,0,0,0,0,0,0,0,0,0,0
Brazil,BRA,"Population, total",SP.POP.TOTL,670,749,1190,1668,923,1035,2580,4718,2661,2190,0,0,0,0,0,0,0,0,4353,4325,7044,1771,19,0,0,0,0,0,0,0,0,0,0,13,746,4146,107,2,0,2,1,95,112,0,17,23,121,93,86,123,126,79,444,1234,830,1234,862,1288,0,0,0,0,0,0,0,0,0,0,0,0,0,0,0,0,0,0,0,0,0,0,0,0,0,0,0,0,0,0,0,0,0,0
Bulgaria,BGR,"Population, total",SP.POP.TOTL,0,0,0,0,0,0,0,0,0,0,0,0,0,0,0,0,0,0,0,0,0,0,0,0,0,0,0,0,0,527,22,24,20,5,0,1,2,0,0,0,0,0,0,0,0,0,0,0,4,0,0,0,0,0,0,0,0,0,0,0,0,0,0,0,0,0,0,0,0,0,0,0,0,0,0,0,0,0,0,0,0,0,0,0,0,0,0,0,0,0,0,0
Burkina Faso,BFA,"Population, total",SP.POP.TOTL,0,0,0,0,0,0,0,0,0,0,0,0,0,0,0,0,0,0,90,100,0,0,0,0,0,0,0,0,0,0,0,0,0,0,0,0,0,0,0,0,0,0,0,0,0,0,0,0,0,0,0,0,0,0,0,0,0,0,0,0,0,0,0,0,0,0,0,0,0,0,0,0,0,0,0,0,0,0,0,0,0,0,0,0,0,0,0,0,0,0,0,0
Burma,0,"Population, total",SP.POP.TOTL,3465,10222,2748,2411,164,216,1675,4226,2739,1897,1533,392,91,32,193,112,53,6,0,0,0,0,0,0,0,0,0,0,0,2853,987,1439,2846,2501,3852,2339,1704,7654,8205,3668,2022,11767,7701,6555,4974,5574,6365,2283,702,8739,5593,0,0,0,6778,4834,3939,5905,0,0,0,0,0,0,0,0,0,0,0,0,0,0,0,0,0,0,0,0,0,0,0,0,0,0,0,0,0,0,0,0,0,0
Burundi,BDI,"Population, total",SP.POP.TOTL,0,0,0,0,0,0,0,0,0,0,0,0,0,0,0,0,0,0,74,270,89,0,0,0,0,0,0,0,0,0,0,0,0,0,0,0,0,0,0,0,0,0,0,0,0,0,0,0,0,0,0,0,0,0,0,0,0,0,0,0,0,0,0,0,0,0,0,0,0,0,0,0,0,0,0,0,0,0,0,0,0,0,0,0,0,0,0,0,0,0,0,0
Cameroon,CMR,"Population, total",SP.POP.TOTL,55,163,721,1106,63,197,42,42,4,5,17,0,1145,743,135,88,28,2,72,87,15,0,0,0,0,0,0,0,0,0,0,0,0,0,32,85,138,120,32,185,265,492,475,463,138,1061,20,271,82,1,0,3,242,1063,931,106,139,7,0,0,0,0,0,0,0,0,0,0,0,0,0,0,0,0,0,0,0,0,0,0,0,0,0,0,0,0,0,0,0,0,0,0
Canada,CAN,"Population, total",SP.POP.TOTL,0,0,0,0,0,0,0,0,0,0,0,0,0,0,0,0,0,0,0,0,0,0,0,0,0,0,0,0,0,0,0,0,0,2791,1248,1535,2845,3337,1952,1292,865,347,100,17,34,62,59,120,198,11,26,6,6,0,5,2,0,0,0,0,0,0,0,0,0,0,0,0,0,0,0,0,0,0,0,0,0,0,0,0,0,0,0,0,0,0,0,0,0,0,0,0
Chad,TCD,"Population, total",SP.POP.TOTL,400,460,495,2789,680,518,259,51,54,15,17,2,502,769,10,5,73,0,86,5,0,0,0,0,0,0,0,0,0,0,0,0,0,0,0,0,0,9,0,139,20,25,129,42,14,32,12,28,1208,590,1067,3,198,2388,1670,243,41,12,0,0,0,0,0,0,0,0,0,0,0,0,0,0,0,0,0,0,0,0,0,0,0,0,0,0,0,0,0,0,0,0,0,0
Chile,CHL,"Population, total",SP.POP.TOTL,9,3564,46,15,12,1,0,0,0,0,0,0,0,0,0,0,0,0,0,0,0,0,0,0,0,0,0,0,0,15,11701,8494,3502,410,0,0,0,0,0,0,0,0,0,0,7,0,5,0,0,0,0,0,0,38,0,0,0,6,0,0,0,0,0,0,0,0,0,0,0,0,0,0,0,0,0,0,0,0,0,0,0,0,0,0,0,0,0,0,0,0,0,0
China,CHN,"Population, total",SP.POP.TOTL,862,50575,61553,10388,3325,856,2576,587,315,671,476,23,28,2,283,35,4,0,0,0,0,0,0,0,0,0,0,0,0,0,204,230,60,262,554,513,110,853,927,547,617,2974,2969,2050,502,1189,1444,1621,3551,2563,12720,9863,6466,5681,5464,22790,23164,4806,0,0,0,0,0,0,0,0,0,0,0,0,0,0,0,0,0,0,0,0,0,0,0,0,0,0,0,0,0,0,0,0,0,0
Colombia,COL,"Population, total",SP.POP.TOTL,3040,4818,3844,3235,5526,7203,3404,2572,2145,2009,0,0,0,0,0,0,0,0,0,0,0,0,0,0,0,0,0,0,0,0,0,0,0,0,0,0,0,0,0,0,0,0,419,742,298,640,557,453,2787,1992,1334,1443,2659,1445,442,396,4903,7356,0,0,0,0,0,0,0,0,0,0,0,0,0,0,0,0,0,0,0,0,0,0,0,0,0,0,0,0,0,0,0,0,0,0
Costa Rica,CRI,"Population, total",SP.POP.TOTL,0,0,0,0,0,0,0,0,0,0,0,0,0,0,0,0,0,0,0,0,0,0,0,0,0,0,0,0,0,0,0,0,0,0,0,0,0,5,0,36,0,0,2,1,0,0,1,0,1,0,1,1,0,0,1,0,9,1,0,0,0,0,0,0,0,0,0,0,0,0,0,0,0,0,0,0,0,0,0,0,0,0,0,0,0,0,0,0,0,0,0,0
Cote d'Ivoire,CIV,"Population, total",SP.POP.TOTL,0,0,0,0,0,0,0,0,0,0,0,0,0,0,0,0,0,0,2,0,0,0,0,0,0,0,0,0,0,0,0,0,0,0,0,0,0,0,0,0,0,0,0,0,0,0,0,0,0,0,0,0,0,0,0,0,0,0,0,0,0,0,0,0,0,0,0,0,0,0,0,0,0,0,0,0,0,0,0,0,0,0,0,0,0,0,0,0,0,0,0,0
Czechoslovakia,0,"Population, total",SP.POP.TOTL,0,0,0,0,0,0,0,0,0,0,0,0,0,0,0,0,0,0,0,0,0,0,0,0,0,0,0,0,0,4529,1642,84,36,33,4,8,6,7,1,0,1,0,0,0,0,0,0,0,5,19,3,0,2,1,3,35,0,0,0,0,0,0,0,0,0,0,0,0,0,0,0,0,0,0,0,0,0,0,0,0,0,0,0,0,0,0,0,0,0,0,0,0
Democratic Republic of Congo,0,"Population, total",SP.POP.TOTL,2218,4591,2524,2832,4699,5214,6217,4663,1950,1181,3035,1408,3624,3775,5523,3262,3783,1913,1479,3800,1963,716,109,0,0,0,0,0,0,507,1497,1040,1956,2371,761,9140,2980,1337,1343,1497,1241,2270,3417,3253,2574,2873,3792,3269,6495,6394,4614,2658,4257,2148,6350,4122,2756,2950,0,0,0,0,0,0,0,0,0,0,0,0,0,0,0,0,0,0,0,0,0,0,0,0,0,0,0,0,0,0,0,0,0,0
East Asia and Pacific,0,"Population, total",SP.POP.TOTL,30610,163193,212951,28049,12868,7766,8281,9174,5214,5857,5041,5661,5198,3472,17907,17360,56416,35294,12875,17311,16061,10081,2100,0,1,1,0,0,0,17142,12477,8078,14996,12259,15342,9819,5113,11407,16166,11428,6500,22402,19046,14142,10841,10300,11232,11716,10091,17268,25067,16292,13400,10239,50250,98966,38306,17242,0,0,0,0,0,0,0,0,0,0,0,0,0,0,0,0,0,0,0,0,0,0,0,0,0,0,0,0,0,0,0,0,0,0
Ecuador,ECU,"Population, total",SP.POP.TOTL,660,251,174,665,708,2516,1831,669,913,863,0,0,0,0,0,0,0,0,0,0,0,0,0,0,0,0,0,0,0,0,0,0,158,9,1,1,16,196,31,374,505,203,234,237,89,58,401,18,23,3,0,10,12,28,32,144,2846,3616,0,0,0,0,0,0,0,0,0,0,0,0,0,0,0,0,0,0,0,0,0,0,0,0,0,0,0,0,0,0,0,0,0,0
Egypt,0,"Population, total",SP.POP.TOTL,3,9,2,0,0,0,0,0,1,0,30,0,0,0,0,0,0,0,0,0,0,0,0,0,0,0,0,0,0,3021,93,309,519,799,762,2676,240,20,26,14,10,609,5691,1344,165,3,1,1,0,2,0,0,4138,11194,1355,416,170,16,416,509,416,1281,1193,623,1669,821,505,1723,2811,2580,1619,1724,2690,2221,1220,2357,4336,4186,1965,2130,2578,4096,3117,2824,1985,2934,7097,5222,2972,1567,1198,7895
El Salvador,SLV,"Population, total",SP.POP.TOTL,0,0,0,0,0,0,0,0,0,0,0,0,0,0,0,0,0,0,0,0,0,0,0,0,0,0,0,0,0,0,0,0,0,0,0,0,0,0,0,0,6,18,37,0,484,246,10,19,3,1,0,0,0,0,0,0,0,0,0,0,0,0,0,0,0,0,0,0,0,0,0,0,0,0,0,0,0,0,0,0,0,0,0,0,0,0,0,0,0,0,0,0
Eswatini,0,"Population, total",SP.POP.TOTL,0,0,0,0,0,0,0,0,0,0,0,0,0,0,0,0,0,0,16,15,0,0,0,0,0,0,0,0,0,0,0,0,0,0,0,0,0,0,0,0,0,0,0,0,0,0,0,0,0,0,0,0,0,0,0,0,0,0,0,0,0,0,0,0,0,0,0,0,0,0,0,0,0,0,0,0,0,0,0,0,0,0,0,0,0,0,0,0,0,0,0,0
Ethiopia,ETH,"Population, total",SP.POP.TOTL,15,62,44,80,178,834,2662,2832,1408,1604,990,1518,2586,551,733,300,124,358,466,426,179,722,25976,16999,5414,4436,3935,915,0,0,0,0,0,0,0,0,0,0,0,0,41,36,7,4,27,276,459,31,201,164,0,1,7,11,13,4,65,43,0,0,0,0,0,0,0,0,0,0,0,0,0,0,0,0,0,0,0,0,0,0,0,0,0,0,0,0,0,0,0,0,0,0
Europe,0,"Population, total",SP.POP.TOTL,0,0,0,0,0,0,0,0,0,0,0,0,0,0,0,0,0,0,5,2,0,0,0,0,0,0,0,0,0,0,0,0,0,0,0,0,0,0,0,0,0,0,0,0,0,0,0,0,0,0,0,0,0,0,0,0,0,0,0,0,0,0,0,0,0,0,0,0,0,0,0,0,0,0,0,0,0,0,0,0,0,0,0,0,0,0,0,0,0,0,0,0
Europe and Central Asia,0,"Population, total",SP.POP.TOTL,163,128,619,251,41,42,73,70,141,32,0,0,0,0,0,0,0,0,0,0,0,0,0,0,0,0,0,0,0,173104,118428,78829,59195,37244,26067,27907,30578,24066,20713,17446,18561,22777,5439,5085,4350,1466,701,1448,2660,3739,2058,2798,13718,9780,3913,1818,1044,409,0,0,0,0,0,0,0,0,0,0,0,0,0,0,0,0,0,0,0,0,0,0,0,0,0,0,0,0,0,0,0,0,0,0
Finland,FIN,"Population, total",SP.POP.TOTL,0,0,0,0,0,0,0,0,0,0,0,0,0,0,0,0,0,0,0,0,0,0,0,0,0,0,0,0,0,77,27,91,12,2,2,1,0,2,1,3,5,4,2,1,2,38,2,0,0,0,1,0,0,0,0,0,0,0,0,0,0,0,0,0,0,0,0,0,0,0,0,0,0,0,0,0,0,0,0,0,0,0,0,0,0,0,0,0,0,0,0,0
"French West Africa (Benin, Burkina Faso, Cote d'Ivoire, Guinea, Mali, Mauritania, Niger, Senegal)",0,"Population, total",SP.POP.TOTL,1890,3542,4046,7254,4659,3764,3958,5948,12693,6676,5751,6107,10890,9602,2868,2329,1372,2005,0,0,0,0,0,0,0,0,0,0,0,0,0,0,0,0,1595,767,3009,2319,1586,4084,1810,1850,2635,2296,4691,3909,3128,2348,2353,1620,980,2007,7584,4787,7442,7734,7821,2713,0,0,0,0,0,0,0,0,0,0,0,0,0,0,0,0,0,0,0,0,0,0,0,0,0,0,0,0,0,0,0,0,0,0
Germany,DEU,"Population, total",SP.POP.TOTL,3,0,0,0,0,0,0,0,0,6,0,0,0,0,0,0,0,0,0,0,0,0,0,0,0,0,0,0,0,2115,689,215,17,16,24,7,4,5,2,2,0,3,0,0,1,0,0,0,0,0,0,1,1,0,0,2,7,3,0,0,0,0,0,0,0,0,0,0,0,0,0,0,0,0,0,0,0,0,0,0,0,0,0,0,0,0,0,0,0,0,0,0
Ghana,GHA,"Population, total",SP.POP.TOTL,91,353,478,695,865,79,59,251,154,161,104,139,70,145,23,9,7,13,114,26,0,0,0,0,0,0,0,0,0,300,0,0,13,153,1468,883,57,8,184,185,378,12,1,48,0,59,43,123,389,77,1470,2025,20,143,702,1646,840,1269,0,0,0,0,0,0,0,0,0,0,0,0,0,0,0,0,0,0,0,0,0,0,0,0,0,0,0,0,0,0,0,0,0,0
Greece,GRC,"Population, total",SP.POP.TOTL,0,13,0,0,0,0,0,0,0,0,0,0,0,0,0,0,0,0,0,0,0,0,0,0,0,0,0,0,0,0,250,292,2101,250,16,27,102,24,7,27,12,8,9,10,9,2,3,0,0,4,0,0,831,329,0,2,0,0,0,0,0,0,0,0,0,0,0,0,0,0,0,0,0,0,0,0,0,0,0,0,0,0,0,0,0,0,0,0,0,0,0,0
Guatemala,GTM,"Population, total",SP.POP.TOTL,10,10,3,1,4,0,0,0,0,0,0,0,0,0,0,0,0,0,0,0,0,0,0,0,0,0,0,0,0,0,0,0,0,0,0,0,96,0,0,10,29,23,9,38,40,52,21,60,11,8,6,1,6,9,5,9,11,12,0,0,0,0,0,0,0,0,0,0,0,0,0,0,0,0,0,0,0,0,0,0,0,0,0,0,0,0,0,0,0,0,0,0
Guinea,GIN,"Population, total",SP.POP.TOTL,0,0,0,0,0,0,0,0,0,0,0,0,0,0,0,0,0,0,1530,330,16,0,0,0,0,0,0,0,0,0,0,0,0,0,0,0,0,0,0,0,0,0,0,0,0,0,0,0,0,0,0,0,0,0,0,0,0,0,0,0,0,0,0,0,0,0,0,0,0,0,0,0,0,0,0,0,0,0,0,0,0,0,0,0,0,0,0,0,0,0,0,0
Honduras,HND,"Population, total",SP.POP.TOTL,0,82,105,23,0,0,0,0,0,0,0,0,0,0,0,0,0,0,0,0,0,0,0,0,0,0,0,0,0,0,0,0,0,0,0,0,0,0,0,0,0,124,38,15,8,0,0,3,3,0,6,0,2,9,8,1,0,0,0,0,0,0,0,0,0,0,0,0,0,0,0,0,0,0,0,0,0,0,0,0,0,0,0,0,0,0,0,0,0,0,0,0
Hungary,HUN,"Population, total",SP.POP.TOTL,0,0,0,0,0,0,0,0,0,0,0,0,0,0,0,0,0,0,0,0,0,0,0,0,0,0,0,0,0,0,131,2,9,11,10,2,4,1,0,0,2,0,0,0,0,0,0,0,0,0,0,0,0,0,0,0,0,0,0,0,0,0,0,0,0,0,0,0,0,0,0,0,0,0,0,0,0,0,0,0,0,0,0,0,0,0,0,0,0,0,0,0
India,IND,"Population, total",SP.POP.TOTL,74930,157487,253332,74836,37311,46619,41837,45109,78666,168216,47693,31091,45380,55595,83423,40265,33402,32616,77974,35165,14145,12341,15742,27407,88114,187967,1436,0,0,0,0,0,0,0,175490,220221,222615,165458,148827,232331,89249,115967,252746,263276,282346,218323,105209,89341,133616,188192,143515,76882,136826,328466,289074,146431,69039,73422,0,0,0,0,0,0,0,0,0,0,0,0,0,0,0,0,0,0,0,0,0,0,0,0,0,0,0,0,0,0,0,0,0,0
Indochina,0,"Population, total",SP.POP.TOTL,2644,396,4336,4024,3385,4007,2390,1531,597,53,17,0,0,1,0,0,0,0,0,0,0,0,0,0,0,0,0,0,0,0,0,0,0,0,4753,2658,745,1432,4954,4919,2058,3968,2969,4598,3655,1872,3053,7403,4772,1884,1272,4315,5060,1668,0,2525,4572,2569,0,0,0,0,0,0,0,0,0,0,0,0,0,0,0,0,0,0,0,0,0,0,0,0,0,0,0,0,0,0,0,0,0,0
Indonesia,IDN,"Population, total",SP.POP.TOTL,13413,99016,100952,9802,2584,1875,1530,2817,1550,3202,1129,5196,5045,3435,17431,17213,56359,35283,12875,17311,16061,10081,2100,0,0,0,0,0,0,2400,1445,1236,4922,6717,4681,855,766,298,614,419,176,562,57,9,43,80,1,12,2,6,0,0,0,0,0,0,0,1701,0,0,0,0,0,0,0,0,0,0,0,0,0,0,0,0,0,0,0,0,0,0,0,0,0,0,0,0,0,0,0,0,0,0
Iran,0,"Population, total",SP.POP.TOTL,509,439,295,237,142,98,2500,1900,1100,540,253,341,96,16,6,0,0,0,0,0,0,0,29,0,0,0,0,0,0,0,0,0,0,0,0,0,0,0,446,191,552,1745,765,203,91,84,34,25,278,316,43,384,1150,1341,266,114,849,1182,0,0,0,0,0,0,0,0,0,0,0,0,0,0,0,0,0,0,0,0,0,0,0,0,0,0,0,0,0,0,0,0,0,0
Iraq,IRQ,"Population, total",SP.POP.TOTL,707,272,469,157,251,22,72,2173,1924,6,23,0,0,0,0,0,0,0,0,0,0,0,0,0,0,0,0,0,0,0,475,1862,1692,459,832,1062,761,1956,2374,762,744,2318,1260,387,264,198,28,39,111,1079,2089,896,282,138,90,18,65,1740,0,0,0,0,0,0,0,0,0,0,0,0,0,0,0,0,0,0,0,0,0,0,0,0,0,0,0,0,0,0,0,0,0,0
Italy,ITA,"Population, total",SP.POP.TOTL,4,1,0,0,0,0,0,0,8,0,0,0,0,0,0,0,0,0,0,0,0,0,0,0,0,0,0,0,0,26453,4644,534,495,432,195,112,60,98,6,2,0,0,0,0,0,0,0,0,4,0,0,0,0,2878,3116,772,44,9,0,0,0,0,0,0,0,0,0,0,0,0,0,0,0,0,0,0,0,0,0,0,0,0,0,0,0,0,0,0,0,0,0,0
Japan,JPN,"Population, total",SP.POP.TOTL,124,5,86,2,6,2,1,0,0,0,0,0,0,0,0,0,0,0,0,0,0,0,0,0,1,1,0,0,0,167,889,679,1922,1703,430,1256,352,723,114,7,21,305,375,320,183,178,90,60,287,575,654,381,546,311,1614,17800,386,29,0,0,0,0,0,0,3372,41898,12418,1287,10704,41946,1752,1215,181,92,46,72,1118,278,496,1034,18067,106,80,202,14,108,485,17,0,0,0,0
Kenya,KEN,"Population, total",SP.POP.TOTL,45,10,4,0,0,14,101,660,1108,796,572,397,289,95,249,273,276,159,153,85,9,0,0,0,0,4,0,0,5,217,200,0,108,1,278,4,29,5,1,30,0,0,3,1800,15,1,200,0,0,0,0,0,3551,3372,764,824,479,133,0,0,0,0,0,0,0,0,0,0,0,0,0,0,0,0,0,0,0,0,0,0,0,0,0,0,0,0,0,0,0,0,0,0
Korea,0,"Population, total",SP.POP.TOTL,9949,2349,43213,1377,3349,790,2,9,10,6,0,3,1,0,0,0,0,0,0,0,0,0,0,0,0,0,0,0,0,11532,8316,3676,3722,439,699,1010,626,290,523,1418,1376,2787,4928,450,1273,1400,204,39,625,3265,4720,1600,1284,1654,0,20810,402,1197,0,0,0,0,0,0,0,0,0,0,0,0,0,0,0,0,0,0,0,0,0,0,0,0,0,0,0,0,0,0,0,0,0,0
Kuwait,KWT,"Population, total",SP.POP.TOTL,0,0,0,0,0,0,0,0,0,0,0,0,0,0,0,0,0,0,41,0,0,0,0,0,0,0,0,0,0,0,0,0,0,0,0,0,0,0,0,0,0,0,0,0,0,0,0,0,0,0,0,0,0,0,0,0,0,0,0,0,0,0,0,0,0,0,0,0,0,0,0,0,0,0,0,0,0,0,0,0,0,0,0,0,0,0,0,0,0,0,0,0
Latin America and Caribbean,0,"Population, total",SP.POP.TOTL,16716,22802,9625,9805,8950,12077,8349,8722,7469,5301,0,0,0,0,0,0,0,0,4376,4327,7046,1795,19,0,0,0,0,0,0,40,11947,20474,17303,13572,11770,9628,6860,8999,11735,17855,16283,10106,7608,11593,7101,6812,5285,4665,9508,5181,7639,8734,9541,8388,6428,6599,16750,27694,0,0,0,0,0,0,0,0,0,0,0,0,0,0,0,0,0,0,0,0,0,0,0,0,0,0,0,0,0,0,0,0,0,0
Liberia,LBR,"Population, total",SP.POP.TOTL,5,0,0,0,0,0,0,0,230,1717,1869,136,1116,325,88,258,40,32,6,5,0,0,0,0,0,0,0,0,0,0,0,0,0,0,0,0,0,0,0,0,0,0,0,274,0,104,0,0,0,0,0,0,0,0,0,87,14,0,0,0,0,0,0,0,0,0,0,0,0,0,0,0,0,0,0,0,0,0,0,0,0,0,0,0,0,0,0,0,0,0,0,0
Libya,LBY,"Population, total",SP.POP.TOTL,0,0,0,0,1,51,0,0,2,0,0,0,0,0,0,0,0,0,0,0,0,0,0,0,0,0,0,0,0,0,0,0,0,69,77,29,7,3,0,0,7,2,0,0,0,0,0,0,9,0,0,0,6,89,104,1450,2400,236,0,0,0,0,0,0,0,0,0,0,0,0,0,0,0,0,0,0,0,0,0,0,0,0,0,0,0,0,0,0,0,0,0,0
Madagascar,MDG,"Population, total",SP.POP.TOTL,0,0,0,0,0,0,0,0,0,0,0,0,0,0,0,0,0,0,0,0,0,0,0,0,0,0,0,0,0,0,0,0,0,0,25,6,15,11,10,5,21,0,0,1,0,0,0,0,0,0,0,0,0,0,0,0,0,0,0,0,0,0,0,0,0,0,0,0,0,0,0,0,0,0,0,0,0,0,0,0,0,0,0,0,0,0,0,0,0,0,0,0
Malawi,MWI,"Population, total",SP.POP.TOTL,1264,295,122,7,6,5,28,248,320,196,559,795,1465,634,455,720,226,88,38,61,64,0,0,0,0,0,0,0,0,0,0,0,14,0,0,0,11,20,1093,4762,7414,4106,3412,814,170,190,94,9,44,74,6,0,13,1,202,968,1583,4830,0,0,0,0,0,0,0,0,0,0,0,0,0,0,0,0,0,0,0,0,0,0,0,0,0,0,0,0,0,0,0,0,0,0
Malaysia,MYS,"Population, total",SP.POP.TOTL,46,0,2,2,5,0,0,0,0,0,338,15,0,0,0,0,0,5,0,0,0,0,0,0,0,0,0,0,0,105,232,346,73,49,66,45,391,27,57,202,193,19,5,8,177,5,24,2,1,1,1,0,0,0,0,3364,4529,521,0,0,0,0,0,0,0,0,0,0,0,0,0,0,0,0,0,0,0,0,0,0,0,0,0,0,0,0,0,0,0,0,0,0
Mali,MLI,"Population, total",SP.POP.TOTL,0,0,0,0,0,0,0,0,0,0,0,0,0,0,0,0,0,0,164,58,1,0,0,0,0,0,0,0,0,0,0,0,0,0,0,0,0,0,0,0,0,0,0,0,0,0,0,0,0,0,0,0,0,0,0,0,0,0,0,0,0,0,0,0,0,0,0,0,0,0,0,0,0,0,0,0,0,0,0,0,0,0,0,0,0,0,0,0,0,0,0,0
Mexico,MEX,"Population, total",SP.POP.TOTL,1030,769,27,0,0,0,0,0,0,0,0,0,0,0,0,0,0,0,0,0,0,0,0,0,0,0,0,0,0,0,0,11966,13074,12964,11008,5477,6639,8794,11304,17405,15003,8456,6094,9430,5205,4651,3538,3343,2205,1341,2529,4115,4011,3516,1718,600,1123,1541,0,0,0,0,0,0,0,0,0,0,0,0,0,0,0,0,0,0,0,0,0,0,0,0,0,0,0,0,0,0,0,0,0,0
Middle East and North Africa,0,"Population, total",SP.POP.TOTL,2419,1231,883,500,622,251,2648,4102,3141,717,432,381,121,18,11,0,0,0,54,0,29,0,29,0,0,0,0,0,0,4751,1526,3234,3242,2786,5205,7280,6886,3630,4355,1724,2691,6589,8427,3328,823,473,122,105,424,2479,5123,6183,9123,14856,5066,5423,5335,5286,0,0,0,0,0,0,0,0,0,0,0,0,0,0,0,0,0,0,0,0,0,0,0,0,0,0,0,0,0,0,0,0,0,0
Morocco,MAR,"Population, total",SP.POP.TOTL,14,18,7,11,0,0,2,0,0,0,0,0,0,0,0,0,0,0,0,0,0,0,0,0,0,0,0,0,0,558,203,879,551,330,471,851,1292,254,280,219,727,1575,112,55,42,40,23,26,16,815,1961,2081,1173,796,2700,2055,93,29,0,0,0,0,0,0,0,0,0,0,0,0,0,0,0,0,0,0,0,0,0,0,0,0,0,0,0,0,0,0,0,0,0,0
Mozambique,MOZ,"Population, total",SP.POP.TOTL,374,384,164,359,394,28,31,94,32,67,44,14,91,69,102,243,115,19,0,145,11,0,0,0,0,0,0,0,0,0,0,0,0,0,0,0,1292,42,345,75,454,34,484,681,415,513,286,239,638,412,246,144,72,81,220,99,29,384,0,0,0,0,0,0,0,0,0,0,0,0,0,0,0,0,0,0,0,0,0,0,0,0,0,0,0,0,0,0,0,0,0,0
Nepal,NPL,"Population, total",SP.POP.TOTL,0,0,0,0,0,0,0,0,0,0,0,0,0,0,0,0,0,0,144,249,108,78,215,399,277,1550,95,0,0,0,0,0,0,0,0,0,0,0,0,0,0,0,0,0,0,0,0,0,0,0,0,0,0,0,0,0,0,0,0,0,0,0,0,0,0,0,0,0,0,0,0,0,0,0,0,0,0,0,0,0,0,0,0,0,0,0,0,0,0,0,0,0
Netherlands,NLD,"Population, total",SP.POP.TOTL,0,0,52,0,0,40,0,0,0,0,0,0,0,0,0,0,0,0,0,0,0,0,0,0,0,0,0,0,0,50,1,0,2,3,2,15,0,0,700,2,1,0,0,0,0,0,0,0,0,0,0,0,0,2,0,0,2,0,0,0,0,0,0,0,0,0,0,0,0,0,0,0,0,0,0,0,0,0,0,0,0,0,0,0,0,0,0,0,0,0,0,0
Nicaragua,NIC,"Population, total",SP.POP.TOTL,0,5,6,0,18,6,3,0,0,0,0,0,0,0,0,0,0,0,0,0,0,0,0,0,0,0,0,0,0,0,0,0,0,0,0,0,0,0,0,0,0,0,0,0,0,0,1,6,4,43,5,0,6,1,148,6,1,0,0,0,0,0,0,0,0,0,0,0,0,0,0,0,0,0,0,0,0,0,0,0,0,0,0,0,0,0,0,0,0,0,0,0
Niger,NER,"Population, total",SP.POP.TOTL,0,0,0,0,0,0,0,0,0,0,0,0,0,0,0,0,0,0,1181,678,28,0,0,0,0,0,0,0,0,0,0,0,0,0,0,0,0,0,0,0,0,0,0,0,0,0,0,0,0,0,0,0,0,0,0,0,0,0,0,0,0,0,0,0,0,0,0,0,0,0,0,0,0,0,0,0,0,0,0,0,0,0,0,0,0,0,0,0,0,0,0,0
Nigeria,NGA,"Population, total",SP.POP.TOTL,14863,20948,11879,9264,3258,6417,5780,4798,9733,1808,1599,4140,3600,3864,1778,1430,4566,4953,4753,1832,205,0,0,0,0,0,0,0,0,0,1031,0,1222,119,1932,847,4483,3095,3216,5119,2315,9464,12601,10389,5498,4883,3675,7511,4967,3298,1097,2514,6496,4958,5576,7620,5425,5746,0,0,0,0,0,0,0,0,0,0,0,0,0,0,0,0,0,0,0,0,0,0,0,0,0,0,0,0,0,0,0,0,0,0
North America,NAC,"Population, total",SP.POP.TOTL,49,0,0,0,0,0,0,0,0,0,0,0,0,0,0,0,0,0,0,0,0,0,0,0,0,0,0,0,0,110672,108487,33305,30890,59304,40629,34229,40822,42733,44293,49621,31016,11541,6591,5388,7991,7896,11732,15059,10075,2806,1422,871,771,398,351,359,176,57,0,0,0,0,0,0,0,0,0,0,0,0,0,0,0,0,0,0,0,0,0,0,0,0,0,0,0,0,0,0,0,0,0,0
Oman,OMN,"Population, total",SP.POP.TOTL,0,0,0,0,0,0,0,0,0,0,0,0,0,0,0,0,0,0,10,0,0,0,0,0,0,0,0,0,0,0,0,0,0,0,0,0,0,0,0,0,0,0,0,0,0,0,0,0,0,0,0,0,0,0,0,0,0,0,0,0,0,0,0,0,0,0,0,0,0,0,0,0,0,0,0,0,0,0,0,0,0,0,0,0,0,0,0,0,0,0,0,0
Pakistan,PAK,"Population, total",SP.POP.TOTL,4807,1013,3866,8519,9033,4320,3330,423,1631,3485,3373,815,2408,3484,1929,935,1285,2936,4818,1836,2581,4665,5808,7053,9258,7859,0,0,0,0,0,0,0,0,0,0,0,0,0,0,0,0,0,0,0,0,0,0,0,0,0,0,0,0,0,0,4282,12524,0,0,0,0,0,0,0,0,0,0,0,0,0,0,0,0,0,0,0,0,0,0,0,0,0,0,0,0,0,0,0,0,0,0
Panama,PAN,"Population, total",SP.POP.TOTL,0,0,0,0,0,0,0,0,0,8,0,0,0,0,0,0,0,0,0,0,0,0,0,0,0,0,0,0,0,25,215,14,0,0,0,0,0,2,396,0,2,0,0,0,0,0,4,0,0,0,15,2,1,2,0,0,12,0,0,0,0,0,0,0,0,0,0,0,0,0,0,0,0,0,0,0,0,0,0,0,0,0,0,0,0,0,0,0,0,0,0,0
Paraguay,PRY,"Population, total",SP.POP.TOTL,6,304,282,797,770,207,57,132,103,21,0,0,0,0,0,0,0,0,0,0,0,0,0,0,0,0,0,0,0,0,0,0,0,0,0,0,2,0,0,0,0,0,0,0,14,6,11,0,2,0,9,0,0,0,0,124,807,113,0,0,0,0,0,0,0,0,0,0,0,0,0,0,0,0,0,0,0,0,0,0,0,0,0,0,0,0,0,0,0,0,0,0
Peru,PER,"Population, total",SP.POP.TOTL,6305,3753,1218,1360,172,115,0,0,0,0,0,0,0,0,0,0,0,0,0,0,0,0,0,0,0,0,0,0,0,0,0,0,0,0,0,0,0,0,0,0,0,1164,363,502,444,248,69,97,173,371,3131,2499,1826,296,292,700,537,7105,0,0,0,0,0,0,0,0,0,0,0,0,0,0,0,0,0,0,0,0,0,0,0,0,0,0,0,0,0,0,0,0,0,0
Philippines,PHL,"Population, total",SP.POP.TOTL,0,282,27,0,0,0,0,0,0,0,0,0,0,0,0,0,0,0,0,0,0,0,0,0,0,0,0,0,0,0,0,0,0,0,20,30,1,5,367,192,4,0,0,0,0,0,0,2,0,0,0,0,0,0,0,0,0,0,0,0,0,0,0,0,0,0,0,0,0,0,0,0,0,0,0,0,0,0,0,0,0,0,0,0,0,0,0,0,0,0,0,0
Poland,POL,"Population, total",SP.POP.TOTL,0,0,0,0,0,0,0,0,0,0,0,0,0,0,0,0,0,0,0,0,0,0,0,0,0,0,0,0,0,3948,5078,2399,502,861,77,69,36,27,20,22,14,5,6,7,4,1,2,0,0,0,0,0,0,0,0,0,0,0,0,0,0,0,0,0,0,0,0,0,0,0,0,0,0,0,0,0,0,0,0,0,0,0,0,0,0,0,0,0,0,0,0,0
Portugal,PRT,"Population, total",SP.POP.TOTL,54,65,78,34,8,0,0,0,0,0,0,0,0,0,0,0,0,0,0,0,0,0,0,0,0,0,0,0,0,0,0,0,0,0,468,394,1169,923,800,815,2210,4246,1800,1016,762,836,623,706,1367,880,478,431,277,332,444,895,832,334,0,0,0,0,0,0,0,0,0,0,0,0,0,0,0,0,0,0,0,0,0,0,0,0,0,0,0,0,0,0,0,0,0,0
Romania,ROU,"Population, total",SP.POP.TOTL,0,0,0,0,0,0,0,0,0,0,0,0,0,0,0,0,0,0,0,0,0,0,0,0,0,0,0,0,0,3467,2744,865,89,9,28,6,4,9,4,5,13,10,6,7,0,3,15,55,0,1,0,0,0,0,0,0,0,0,0,0,0,0,0,0,0,0,0,0,0,0,0,0,0,0,0,0,0,0,0,0,0,0,0,0,0,0,0,0,0,0,0,0
Rwanda,RWA,"Population, total",SP.POP.TOTL,0,0,0,0,0,0,0,0,0,0,0,0,0,0,0,0,0,0,0,0,89,0,0,0,0,0,0,0,0,0,0,0,0,0,0,0,0,0,0,0,0,0,0,0,0,0,0,0,0,0,0,0,0,0,0,0,0,0,0,0,0,0,0,0,0,0,0,0,0,0,0,0,0,0,0,0,0,0,0,0,0,0,0,0,0,0,0,0,0,0,0,0
Rwanda-Burundi,0,"Population, total",SP.POP.TOTL,43,484,571,819,219,234,113,58,34,29,77,12,8,54,11,0,1218,363,0,0,0,0,0,0,0,0,0,0,0,0,0,0,0,0,3,14,7,2,3,72,481,77,22,62,30,71,129,67,240,26,53,55,18,2201,848,76,447,147,0,0,0,0,0,0,0,0,0,0,0,0,0,0,0,0,0,0,0,0,0,0,0,0,0,0,0,0,0,0,0,0,0,0
Saudi Arabia,SAU,"Population, total",SP.POP.TOTL,225,331,1,0,162,5,1,9,65,156,115,33,17,1,0,0,0,0,0,0,0,0,0,0,0,0,0,0,0,0,0,0,0,0,0,0,51,425,525,291,606,212,145,306,187,43,8,1,1,255,0,0,0,0,11,0,0,225,0,0,0,0,0,0,0,0,0,0,0,0,0,0,0,0,0,0,0,0,0,0,0,0,0,0,0,0,0,0,0,0,0,0
Sierra Leone,SLE,"Population, total",SP.POP.TOTL,157,40,34,36,12,5,49,946,4846,513,96,12,6,78,14,90,60,293,1698,1143,80,0,0,0,0,0,0,0,0,6,0,44,18,2,6,0,16,1,6,2,6,998,2378,2333,1981,565,134,55,52,29,7,8,3,484,650,750,465,200,0,0,0,0,0,0,0,0,0,0,0,0,0,0,0,0,0,0,0,0,0,0,0,0,0,0,0,0,0,0,0,0,0,0
Somalia,SOM,"Population, total",SP.POP.TOTL,0,0,0,0,248,1555,641,84,91,0,94,47,36,221,0,0,0,2,0,0,0,0,0,5,7,11,14,39,3229,0,0,0,0,0,0,0,0,3,121,122,13,14,114,91,245,162,50,3,78,3,0,0,634,13,1,3,0,0,0,0,0,0,0,0,0,0,0,0,0,0,0,0,0,0,0,0,0,0,0,0,0,0,0,0,0,0,0,0,0,0,0,0
South Africa,ZAF,"Population, total",SP.POP.TOTL,923,1635,1434,80,14,7,27,4,0,0,0,65,8,103,254,302,191,256,43,81,217,118,7,0,0,0,0,0,0,1036,1108,713,285,346,71,115,60,51,53,63,20,19,24,23,21,24,306,521,408,681,1014,1781,1469,1046,3317,1271,1469,271,0,0,0,0,0,0,0,0,0,0,0,0,0,0,0,0,0,0,0,0,0,0,0,0,0,0,0,0,0,0,0,0,0,0
South America,0,"Population, total",SP.POP.TOTL,0,0,0,0,0,0,0,0,0,0,0,0,0,0,0,0,0,0,4376,4328,7046,1795,19,0,0,0,0,0,0,0,0,0,0,0,0,0,0,0,0,0,0,0,0,0,0,0,0,0,0,0,0,0,0,0,0,0,0,0,0,0,0,0,0,0,0,0,0,0,0,0,0,0,0,0,0,0,0,0,0,0,0,0,0,0,0,0,0,0,0,0,0,0
South Asia,SAS,"Population, total",SP.POP.TOTL,80132,180389,297712,96049,49261,53152,48504,51496,105462,251096,66556,33920,48670,60043,89305,41447,35076,38825,89525,47244,18694,18128,22501,45849,130385,213861,15329,0,0,126,18,337,175,40,175518,220286,222642,165476,148835,232372,89258,116073,253083,263348,282461,218326,105211,89341,133617,188192,143682,76883,136961,328590,289785,146840,73322,85954,0,0,0,0,0,0,0,0,0,0,0,0,0,0,0,0,0,0,0,0,0,0,0,0,0,0,0,0,0,0,0,0,0,0
Spain,ESP,"Population, total",SP.POP.TOTL,9,2,3,3,3,2,0,0,0,0,0,0,0,0,0,0,0,0,0,0,0,0,0,0,0,0,0,0,0,0,0,0,0,0,0,0,0,0,0,49,910,1066,624,688,297,114,5,19,841,1874,678,371,210,129,33,44,34,23,0,0,0,0,0,0,0,0,0,0,0,0,0,0,0,0,0,0,0,0,0,0,0,0,0,0,0,0,0,0,0,0,0,0
Sri Lanka,LKA,"Population, total",SP.POP.TOTL,2,4,344,25,2,1,0,0,19,29,0,0,44,66,1,0,1,0,1,0,0,0,0,0,0,0,0,0,0,126,18,337,175,40,28,65,27,18,8,41,9,106,337,72,115,3,2,0,1,0,167,1,135,124,711,409,1,8,0,0,0,0,0,0,0,0,0,0,0,0,0,0,0,0,0,0,0,0,0,0,0,0,0,0,0,0,0,0,0,0,0,0
Sub-Saharan Africa,SSF,"Population, total",SP.POP.TOTL,25228,41328,24651,30679,20936,25584,25856,22388,34798,17194,17318,17987,27363,23647,15702,13729,16840,14399,14345,10593,3337,2609,27288,18063,5448,4451,3949,954,3234,2073,6284,2969,4241,3299,7688,12313,13993,13860,19130,28337,18058,21168,27196,23934,16840,17767,14686,18500,19316,15427,12465,11784,25851,34020,49578,40007,26975,24809,0,0,0,0,0,0,0,0,0,0,0,0,0,0,0,0,0,0,0,0,0,0,0,0,0,0,0,0,0,0,0,0,0,0
Sudan,SDN,"Population, total",SP.POP.TOTL,250,110,346,3670,3030,4200,1427,25,295,380,336,162,8,95,0,0,69,0,9,106,131,1051,1141,0,0,0,0,0,0,0,0,0,0,0,0,63,218,2402,6467,2179,218,47,228,173,72,577,425,527,553,515,46,12,182,242,0,62,917,1438,0,0,0,0,0,0,0,0,0,0,0,0,0,0,0,0,0,0,0,0,0,0,0,0,0,0,0,0,0,0,0,0,0,0
Switzerland,CHE,"Population, total",SP.POP.TOTL,0,0,0,0,0,0,0,0,0,0,0,0,0,0,0,0,0,0,0,0,0,0,0,0,0,0,0,0,0,2,596,1153,2145,1234,329,54,0,1,1,1,0,2,0,0,0,0,0,1,0,0,0,0,0,0,0,1,0,0,0,0,0,0,0,0,0,0,0,0,0,0,0,0,0,0,0,0,0,0,0,0,0,0,0,0,0,0,0,0,0,0,0,0
Syria,0,"Population, total",SP.POP.TOTL,646,14,2,2,3,7,0,0,41,0,0,0,0,0,0,0,0,0,0,0,0,0,0,0,0,0,0,0,0,0,0,0,60,40,46,1,98,488,375,158,6,109,435,1011,48,1,0,0,1,1,1,1657,715,91,16,8,1,902,0,0,0,0,0,0,0,0,0,0,0,0,0,0,0,0,0,0,0,0,0,0,0,0,0,0,0,0,0,0,0,0,0,0
Tanzania,TZA,"Population, total",SP.POP.TOTL,1045,6416,854,373,1200,928,542,605,856,1204,1442,1584,1002,1074,836,1461,2762,3027,1629,455,113,0,0,0,0,0,0,0,0,7,1427,567,453,40,1391,75,234,28,182,4547,1746,768,629,411,503,1649,1462,1095,599,156,92,90,201,5735,12283,12672,2960,1206,0,0,0,0,0,0,0,0,0,0,0,0,0,0,0,0,0,0,0,0,0,0,0,0,0,0,0,0,0,0,0,0,0,0
Thailand,THA,"Population, total",SP.POP.TOTL,107,348,34,43,50,20,107,4,3,28,1548,32,33,2,0,0,0,0,0,0,0,0,0,0,0,0,0,0,0,85,404,472,1451,588,287,1113,418,125,405,56,33,20,42,152,34,2,51,294,151,235,107,133,44,925,36394,26843,1314,514,0,0,0,0,0,0,0,0,0,0,0,0,0,0,0,0,0,0,0,0,0,0,0,0,0,0,0,0,0,0,0,0,0,0
Togo,TGO,"Population, total",SP.POP.TOTL,152,147,190,628,228,226,2,6,9,44,66,347,281,571,285,34,13,201,304,784,83,0,0,0,0,0,0,0,0,0,0,0,0,0,3,2,5,42,78,66,11,7,7,19,3,33,0,29,301,13,1,0,0,174,535,470,65,107,0,0,0,0,0,0,0,0,0,0,0,0,0,0,0,0,0,0,0,0,0,0,0,0,0,0,0,0,0,0,0,0,0,0
Tunisia,TUN,"Population, total",SP.POP.TOTL,1,2,5,7,7,1,0,2,0,0,0,0,0,0,0,0,0,0,0,0,0,0,0,0,0,0,0,0,0,0,0,0,279,606,1270,188,101,101,138,59,18,2,5,3,7,3,13,0,2,0,0,1,4,19,190,797,1224,534,0,0,0,0,0,0,0,0,0,0,0,0,0,0,0,0,0,0,0,0,0,0,0,0,0,0,0,0,0,0,0,0,0,0
Turkey,TUR,"Population, total",SP.POP.TOTL,73,7,152,0,0,0,0,0,128,0,0,0,0,0,0,0,0,0,0,0,0,0,0,0,0,0,0,0,0,6,0,253,2492,1615,971,480,99,47,1746,830,257,193,199,93,107,69,36,641,438,958,898,1871,12395,6093,309,8,2,39,0,0,0,0,0,0,0,0,0,0,0,0,0,0,0,0,0,0,0,0,0,0,0,0,0,0,0,0,0,0,0,0,0,0
USSR,0,"Population, total",SP.POP.TOTL,0,12,305,79,0,0,70,70,1,20,0,0,0,0,0,0,0,0,0,0,0,0,0,0,0,0,0,0,0,126423,100004,71172,47678,28610,18548,16567,14164,10361,6413,3834,9471,14881,2160,3079,3167,391,11,7,0,0,0,0,0,0,0,0,0,0,0,0,0,0,0,0,0,0,0,0,0,0,0,0,0,0,0,0,0,0,0,0,0,0,0,0,0,0,0,0,0,0,0,0
Uganda,UGA,"Population, total",SP.POP.TOTL,47,5,43,243,341,199,101,231,477,360,334,740,400,631,419,510,1351,614,365,55,19,2,19,0,0,0,0,0,0,0,506,104,97,7,13,6,17,1,32,2,0,0,0,0,2,32,0,0,0,10,32,0,128,4737,1558,381,389,254,0,0,0,0,0,0,0,0,0,0,0,0,0,0,0,0,0,0,0,0,0,0,0,0,0,0,0,0,0,0,0,0,0,0
United Kingdom,GBR,"Population, total",SP.POP.TOTL,19,28,29,135,30,0,0,0,4,6,0,0,0,0,0,0,0,0,0,0,0,0,0,0,0,0,0,0,0,1007,442,980,2507,3801,5367,10147,14921,12560,11010,11853,5665,2359,631,184,1,12,4,19,1,2,0,124,1,16,8,55,94,0,0,0,0,0,0,0,0,0,0,0,0,0,0,0,0,0,0,0,0,0,0,0,0,0,0,0,0,0,0,0,0,0,0,0
United States,USA,"Population, total",SP.POP.TOTL,49,0,0,0,0,0,0,0,0,0,0,0,0,0,0,0,0,0,0,0,0,0,0,0,0,0,0,0,0,110672,108487,33305,30890,56513,39381,32694,37977,39396,42341,48329,30151,11194,6491,5371,7957,7834,11673,14939,9877,2795,1396,865,765,398,346,357,176,57,0,0,0,0,0,0,0,0,0,0,0,0,0,0,21064,62374,72946,52737,31697,19417,15223,18977,33998,23560,31254,23044,23566,38400,40474,38381,19740,47508,80334,62876
Uruguay,URY,"Population, total",SP.POP.TOTL,9,3,0,16,7,1,45,42,2,0,0,0,0,0,0,0,0,0,0,2,2,0,0,0,0,0,0,0,0,0,31,0,569,176,15,4,0,0,4,0,8,11,1,8,2,53,72,29,4,2,1,0,0,0,104,167,326,0,0,0,0,0,0,0,0,0,0,0,0,0,0,0,0,0,0,0,0,0,0,0,0,0,0,0,0,0,0,0,0,0,0,0
Venezuela,0,"Population, total",SP.POP.TOTL,3672,3062,567,453,72,113,2,4,0,0,0,0,0,0,0,0,0,0,0,0,0,0,0,0,0,0,0,0,0,0,0,0,0,0,0,0,0,0,0,28,13,2,6,2,3,70,105,256,3839,955,265,259,268,610,1055,2114,4767,5685,0,0,0,0,0,0,0,0,0,0,0,0,0,0,0,0,0,0,0,0,0,0,0,0,0,0,0,0,0,0,0,0,0,0
World,WLD,"Population, total",SP.POP.TOTL,0,0,0,0,0,0,0,0,0,0,0,0,0,0,0,0,0,0,122098,80020,45291,33219,51993,65153,135853,218326,19278,954,3234,0,0,0,0,0,0,0,0,0,0,0,0,0,0,0,0,0,0,0,0,0,0,0,0,0,0,0,0,0,0,0,0,0,0,0,0,0,0,0,0,0,0,0,0,0,0,0,0,0,0,0,0,0,0,0,0,0,0,0,0,0,0,0
Yemen,0,"Population, total",SP.POP.TOTL,0,0,0,0,0,0,0,0,0,0,0,0,0,0,0,0,0,0,3,0,29,0,0,0,0,0,0,0,0,0,0,0,0,0,0,0,0,0,0,0,0,0,0,0,0,0,0,0,0,0,0,0,0,0,0,0,0,0,0,0,0,0,0,0,0,0,0,0,0,0,0,0,0,0,0,0,0,0,0,0,0,0,0,0,0,0,0,0,0,0,0,0
Yugoslavia,0,"Population, total",SP.POP.TOTL,0,0,0,0,0,0,0,0,0,0,0,0,0,0,0,0,0,0,0,0,0,0,0,0,0,0,0,0,0,4156,2119,738,1042,330,14,4,7,0,0,1,0,0,0,0,0,0,0,0,0,1,0,0,0,0,0,2,0,0,0,0,0,0,0,0,0,0,0,0,0,0,0,0,0,0,0,0,0,0,0,0,0,0,0,0,0,0,0,0,0,0,0,0
Zambia,ZMB,"Population, total",SP.POP.TOTL,20,28,10,166,693,1024,3538,576,459,210,176,350,233,210,1831,2214,526,63,47,33,0,0,0,0,0,0,0,0,0,0,0,0,59,258,98,305,1241,4042,3856,3400,152,61,179,23,32,96,27,59,20,9,3,10,124,355,6354,490,98,671,0,0,0,0,0,0,0,0,0,0,0,0,0,0,0,0,0,0,0,0,0,0,0,0,0,0,0,0,0,0,0,0,0,0
Zimbabwe,ZWE,"Population, total",SP.POP.TOTL,861,1034,456,87,11,1,157,153,34,90,133,12,3,15,38,200,40,35,26,12,25,0,0,0,0,0,0,0,0,0,515,501,16,2,12,1,7,255,427,696,44,40,80,41,1,17,246,1864,223,255,87,0,0,1,33,181,685,1823,0,0,0,0,0,0,0,0,0,0,0,0,0,0,0,0,0,0,0,0,0,0,0,0,0,0,0,0,0,0,0,0,0,0